{
  "accuracy": 0.8063885267275098,
  "precision": 0.9623329283110571,
  "recall": 0.7485822306238186,
  "f1_score": 0.8421052631578947
}