{
  "accuracy": 0.7359843546284224,
  "precision": 0.9738751814223512,
  "recall": 0.6342155009451795,
  "f1_score": 0.7681740125930167
}